Date,depth,Temp
2004-01-18,0,NA
2004-01-18,0,NA
2004-01-18,0,NA
2004-01-18,19,NA
2004-01-18,20,NA
2004-01-18,25,NA
2004-01-18,40,NA
2004-01-18,48,NA
2004-01-18,50,NA
2004-01-18,50,NA
2004-01-18,60,NA
2004-01-18,75,NA
2004-01-18,80,NA
2004-01-18,100,NA
2004-01-18,100,NA
2004-01-18,150,NA
2004-01-18,150,NA
2004-01-18,200,NA
2004-02-22,0,NA
2004-02-22,0,NA
2004-02-22,1,NA
2004-02-22,1,NA
2004-02-22,20,NA
2004-02-22,20,NA
2004-02-22,20,NA
2004-02-22,20,NA
2004-02-22,40,NA
2004-02-22,40,NA
2004-02-22,47,NA
2004-02-22,60,NA
2004-02-22,60,NA
2004-02-22,80,NA
2004-02-22,80,NA
2004-02-22,100,NA
2004-02-22,100,NA
2004-02-22,100,NA
2004-02-22,200,NA
2004-02-22,200,NA
2004-02-22,200,NA
2004-03-21,0,NA
2004-03-21,1,21.206
2004-03-21,1,NA
2004-03-21,20,21.234
2004-03-21,20,NA
2004-03-21,20,NA
2004-03-21,40,21.2392
2004-03-21,40,NA
2004-03-21,46,NA
2004-03-21,60,21.2431
2004-03-21,60,NA
2004-03-21,80,21.2466
2004-03-21,80,NA
2004-03-21,100,21.2556
2004-03-21,150,NA
2004-03-21,200,21.2757
2004-04-18,0,NA
2004-04-18,1,NA
2004-04-18,1,NA
2004-04-18,20,NA
2004-04-18,20,NA
2004-04-18,20,NA
2004-04-18,40,NA
2004-04-18,40,NA
2004-04-18,47,NA
2004-04-18,60,NA
2004-04-18,60,NA
2004-04-18,80,NA
2004-04-18,80,NA
2004-04-18,100,NA
2004-04-18,100,NA
2004-04-18,150,NA
2004-04-18,150,NA
2004-04-18,200,NA
2004-04-18,200,NA
2004-05-16,0,23.4514
2004-05-16,0,23.6799
2004-05-16,0,23.3528
2004-05-16,20,23.0553
2004-05-16,20,23.1873
2004-05-16,20,23.1265
2004-05-16,40,22.8207
2004-05-16,40,22.9861
2004-05-16,53,22.8715
2004-05-16,60,22.5318
2004-05-16,81,22.473
2004-05-16,89,22.3266
2004-05-16,100,22.3174
2004-05-16,109,22.1487
2004-05-16,131,22.0363
2004-05-16,150,21.6102
2004-05-16,161,21.5877
2004-05-16,200,21.4241
2004-05-16,200,21.4315
2004-06-20,0.5,25.1649
2004-06-20,2,24.8107
2004-06-20,2,24.6489
2004-06-20,10,24.5218
2004-06-20,19,24.011
2004-06-20,20,24.0827
2004-06-20,40,23.436
2004-06-20,50,23.6135
2004-06-20,50,23.7331
2004-06-20,60,23.4567
2004-06-20,80,23.2948
2004-06-20,100,22.7568
2004-06-20,100,23.0562
2004-06-20,120,22.4474
2004-06-20,124,22.4161
2004-06-20,140,21.9823
2004-06-20,150,21.9993
2004-06-20,160,21.5819
2004-06-20,200,21.3923
2004-06-20,200,21.4473
2004-07-18,0,25.9006
2004-07-18,20,25.874
2004-07-18,40,24.6244
2004-07-18,60,24.2341
2004-07-18,80,24.0672
2004-07-18,100,23.6493
2004-07-18,130,22.5518
2004-07-18,160,21.8493
2004-07-18,199,21.4719
2004-08-15,0,26.4906
2004-08-15,0,26.0407
2004-08-15,0,27.1493
2004-08-15,1,25.3224
2004-08-15,20,25.8313
2004-08-15,20,25.3063
2004-08-15,30,25.4006
2004-08-15,40,24.8993
2004-08-15,46,24.624
2004-08-15,50,24.4363
2004-08-15,60,24.3352
2004-08-15,75,23.9898
2004-08-15,85,23.9469
2004-08-15,100,23.4899
2004-08-15,100,23.0824
2004-08-15,100,23.4021
2004-08-15,125,22.9165
2004-08-15,125,22.7045
2004-08-15,150,22.4893
2004-08-15,150,22.1604
2004-08-15,150,22.3311
2004-08-15,200,21.8395
2004-08-15,200,21.5384
2004-08-15,200,21.6361
2004-09-02,0,25.819
2004-09-02,10,25.7527
2004-09-02,20,25.7015
2004-09-02,40,25.0623
2004-09-02,60,24.2935
2004-09-02,80,23.8086
2004-09-02,100,23.5096
2004-09-02,121,23.0063
2004-09-02,160,22.2017
2004-09-02,200,21.58
2004-10-20,0,NA
2004-10-20,10,NA
2004-10-20,20,NA
2004-10-20,40,NA
2004-10-20,60,NA
2004-10-20,80,NA
2004-10-20,100,NA
2004-10-20,120,NA
2004-10-20,140,NA
2004-10-20,160,NA
2004-11-16,0,25.6501
2004-11-16,0,25.6968
2004-11-16,0,NA
2004-11-16,10,25.6326
2004-11-16,20,25.6259
2004-11-16,20,25.6183
2004-11-16,20,NA
2004-11-16,40,25.58
2004-11-16,40,25.5085
2004-11-16,60,25.5214
2004-11-16,80,25.0958
2004-11-16,80,25.0647
2004-11-16,100,24.9948
2004-11-16,100,24.9564
2004-11-16,120,24.8243
2004-11-16,140,24.7681
2004-11-16,140,24.0541
2004-11-16,160,23.3102
2004-11-16,160,22.7916
2004-11-16,200,22.3195
2004-11-16,200,22.2266
2004-12-20,0,22.7571
2004-12-20,0,22.7625
2004-12-20,0,NA
2004-12-20,20,22.7337
2004-12-20,21,22.7281
2004-12-20,21,NA
2004-12-20,41,22.7329
2004-12-20,41,22.7249
2004-12-20,47,22.6452
2004-12-20,60,22.7331
2004-12-20,60,22.7135
2004-12-20,80,22.7364
2004-12-20,100,22.7332
2004-12-20,101,22.717
2004-12-20,150,22.7399
2004-12-20,150,22.713
2005-01-17,0,22.1838
2005-01-17,0,22.0334
2005-01-17,0,21.975
2005-01-17,20,22.0572
2005-01-17,20,22.0163
2005-01-17,20,21.9591
2005-01-17,40,NA
2005-01-17,40,22.019
2005-01-17,46,21.9598
2005-01-17,60,NA
2005-01-17,80,22.0247
2005-01-17,100,NA
2005-01-17,100,22.0287
2005-01-17,120,NA
2005-01-17,160,22.0698
2005-01-17,200,22.0456
2005-02-14,0,21.5304
2005-02-14,0,21.4692
2005-02-14,0,21.4082
2005-02-14,19,21.5052
2005-02-14,20,21.4757
2005-02-14,20,21.3822
2005-02-14,40,21.4791
2005-02-14,41,21.4954
2005-02-14,50,21.3453
2005-02-14,60,21.4968
2005-02-14,60,21.4827
2005-02-14,80,21.4976
2005-02-14,100,21.4984
2005-02-14,100,21.491
2005-02-14,149,21.4999
2005-02-14,199,21.517
2005-02-14,200,21.5032
2005-03-20,0,21.5004
2005-03-20,0,21.1926
2005-03-20,0,21.1795
2005-03-20,0,21.3258
2005-03-20,19,21.2673
2005-03-20,20,21.2554
2005-03-20,20,21.1986
2005-03-20,21,21.1697
2005-03-20,39,21.2492
2005-03-20,40,21.2331
2005-03-20,40,21.2027
2005-03-20,50,NA
2005-03-20,60,21.2265
2005-03-20,60,21.2046
2005-03-20,61,21.2509
2005-03-20,80,21.2307
2005-03-20,80,21.2095
2005-03-20,81,21.254
2005-03-20,99,21.2565
2005-03-20,100,21.2311
2005-03-20,100,21.2119
2005-03-20,140,21.2414
2005-03-20,200,21.2505
2005-03-20,200,21.2371
2005-04-17,0,21.5701
2005-04-17,0,21.6848
2005-04-17,0,21.4286
2005-04-17,20,21.489
2005-04-17,20,21.4758
2005-04-17,20,21.4089
2005-04-17,40,21.282
2005-04-17,40,21.383
2005-04-17,51,21.3653
2005-04-17,59,21.2828
2005-04-17,61,21.3093
2005-04-17,79,21.2811
2005-04-17,82,21.2961
2005-04-17,99,21.2953
2005-04-17,101,21.2852
2005-04-17,160,21.2406
2005-04-17,200,21.2406
2005-05-16,0,23.1017
2005-05-16,0,22.9872
2005-05-16,0,NA
2005-05-16,20,22.7187
2005-05-16,20,22.7722
2005-05-16,20,NA
2005-05-16,40,22.5426
2005-05-16,40,22.7271
2005-05-16,50,NA
2005-05-16,60,22.4382
2005-05-16,60,22.5785
2005-05-16,80,22.1757
2005-05-16,80,22.1382
2005-05-16,100,21.9592
2005-05-16,100,21.9599
2005-05-16,120,21.8058
2005-05-16,140,21.6641
2005-05-16,140,21.7323
2005-05-16,160,21.6158
2005-05-16,180,21.5279
2005-05-16,200,21.5528
2005-06-15,0,23.9747
2005-06-15,0,23.9397
2005-06-15,9,23.9165
2005-06-15,19,23.8649
2005-06-15,20,NA
2005-06-15,39,23.6813
2005-06-15,40,23.6948
2005-06-15,60,23.2781
2005-06-15,60,23.222
2005-06-15,79,22.9131
2005-06-15,80,22.8888
2005-06-15,100,22.6382
2005-06-15,100,22.7704
2005-06-15,121,22.3265
2005-06-15,140,21.7307
2005-06-15,148,21.6618
2005-06-15,159,21.5571
2005-06-15,199,21.3045
2005-06-15,200,21.3057
2005-07-05,0,26.2379
2005-07-05,0,26.1686
2005-07-05,19,25.1181
2005-07-05,20,25.0101
2005-07-05,40,24.3496
2005-07-05,50,24.7009
2005-07-05,60,23.8869
2005-07-05,80,23.5713
2005-07-05,100,23.3025
2005-07-05,121,22.6766
2005-07-05,140,21.9431
2005-07-05,140,NA
2005-07-05,160,21.4911
2005-07-05,180,NA
2005-07-05,200,NA
2005-07-05,200,NA
2005-08-08,0,27.9185
2005-08-08,0,27.6424
2005-08-08,0,27.3563
2005-08-08,10,27.7574
2005-08-08,20,27.2067
2005-08-08,21,27.3312
2005-08-08,21,26.7985
2005-08-08,39,26.4018
2005-08-08,40,26.2427
2005-08-08,51,26.1846
2005-08-08,61,25.9585
2005-08-08,61,25.9304
2005-08-08,80,25.2126
2005-08-08,80,24.769
2005-08-08,99,23.1094
2005-08-08,101,23.3859
2005-08-08,121,22.6567
2005-08-08,139,22.2697
2005-08-08,159,21.8979
2005-08-08,200,21.3562
2005-08-08,200,21.3537
2005-09-06,0,26.4164
2005-09-06,0,26.0891
2005-09-06,0,25.8968
2005-09-06,20,26.365
2005-09-06,20,26.0715
2005-09-06,20,NA
2005-09-06,40,25.6892
2005-09-06,40,25.9196
2005-09-06,51,25.0079
2005-09-06,60,25.2763
2005-09-06,71,24.9161
2005-09-06,82,24.135
2005-09-06,100,23.0646
2005-09-06,100,23.2903
2005-09-06,120,22.5711
2005-09-06,140,22.303
2005-09-06,150,22.0429
2005-09-06,160,22.0356
2005-09-06,180,21.7115
2005-09-06,200,21.4544
2005-09-07,0,26.3615
2005-09-07,20,26.3077
2005-09-07,40,26.1862
2005-09-07,60,NA
2005-09-07,79,24.1758
2005-09-07,100,23.4343
2005-09-07,121,22.8094
2005-09-07,160,22.1823
2005-09-07,180,21.8031
2005-09-07,198,21.7208
2005-10-30,0,24.5395
2005-10-30,0,24.4683
2005-10-30,0,24.5738
2005-10-30,20,24.4118
2005-10-30,20,24.413
2005-10-30,20,24.3927
2005-10-30,40,24.4094
2005-10-30,40,24.4082
2005-10-30,50,24.3517
2005-10-30,60,24.4022
2005-10-30,60,24.4066
2005-10-30,80,24.3674
2005-10-30,80,24.3978
2005-10-30,100,24.2987
2005-10-30,100,24.3276
2005-10-30,120,23.9307
2005-10-30,140,22.7624
2005-10-30,150,22.3533
2005-10-30,160,22.4423
2005-10-30,180,22.038
2005-10-30,200,21.7726
2005-10-30,200,21.5223
2005-11-21,0,23.2543
2005-11-21,0,23.2891
2005-11-21,0,23.208
2005-11-21,20,23.2415
2005-11-21,20,NA
2005-11-21,20,23.1746
2005-11-21,39,23.2409
2005-11-21,50,23.2121
2005-11-21,50,23.105
2005-11-21,60,23.2409
2005-11-21,80,23.2396
2005-11-21,80,23.2149
2005-11-21,101,23.2334
2005-11-21,101,23.2184
2005-11-21,150,23.2268
2005-11-21,151,23.229
2005-11-21,181,22.8885
2005-11-21,200,22.625
2005-12-11,0,22.7787
2005-12-11,0,22.7878
2005-12-11,0,23.208
2005-12-11,20,22.769
2005-12-11,20,22.787
2005-12-11,20,23.1746
2005-12-11,39,22.7911
2005-12-11,40,22.7696
2005-12-11,47,23.105
2005-12-11,60,22.7721
2005-12-11,60,22.7898
2005-12-11,80,22.77
2005-12-11,99,22.7708
2005-12-11,100,22.794
2005-12-11,149,22.7892
2005-12-11,150,22.78
2005-12-11,200,22.7906
2006-01-16,0,21.967
2006-01-16,0,21.942
2006-01-16,0,21.901
2006-01-16,19,21.97
2006-01-16,20,21.9059
2006-01-16,21,21.949
2006-01-16,40,21.973
2006-01-16,46,21.821
2006-01-16,49,21.954
2006-01-16,61,21.977
2006-01-16,79,21.979
2006-01-16,80,21.957
2006-01-16,101,21.979
2006-01-16,101,21.962
2006-01-16,149,21.981
2006-01-16,149,21.964
2006-01-16,198,21.989
2006-01-16,200,21.972
2006-02-20,0,21.4049
2006-02-20,0,21.3204
2006-02-20,0,21.2703
2006-02-20,19,21.3391
2006-02-20,20,21.314
2006-02-20,20,21.2686
2006-02-20,40,21.3227
2006-02-20,47,21.1889
2006-02-20,50,21.314
2006-02-20,60,21.3244
2006-02-20,80,21.3285
2006-02-20,80,21.3199
2006-02-20,99,21.3334
2006-02-20,100,21.3257
2006-02-20,150,21.3329
2006-02-20,200,21.3524
2006-02-20,200,21.3443
2006-03-21,0,21.4662
2006-03-21,0,NA
2006-03-21,0,21.3692
2006-03-21,0,21.2703
2006-03-21,19,21.3587
2006-03-21,20,21.3545
2006-03-21,20,NA
2006-03-21,21,21.2686
2006-03-21,30,21.3504
2006-03-21,40,21.3496
2006-03-21,40,21.3529
2006-03-21,40,21.3595
2006-03-21,50,21.1889
2006-03-21,60,21.352
2006-03-21,60,21.3381
2006-03-21,60,21.3453
2006-03-21,80,21.3503
2006-03-21,80,21.3395
2006-03-21,80,21.3544
2006-03-21,100,21.3512
2006-03-21,100,21.3356
2006-03-21,120,21.3562
2006-03-21,120,21.3503
2006-03-21,120,21.3452
2006-03-21,139,21.3508
2006-03-21,160,21.3586
2006-03-21,160,21.3543
2006-03-21,180,21.3654
2006-03-21,200,21.3578
2006-03-21,200,21.3609
2006-03-21,200,21.3786
2006-03-21,200,21.3526
2006-04-03,0,21.5475
2006-04-03,0,21.7129
2006-04-03,0,22.0694
2006-04-03,20,21.5091
2006-04-03,20,21.5227
2006-04-03,21,21.58
2006-04-03,40,21.5035
2006-04-03,40,21.5022
2006-04-03,50,21.5335
2006-04-03,59,21.4981
2006-04-03,60,21.4674
2006-04-03,80,21.4616
2006-04-03,80,21.4812
2006-04-03,100,21.4313
2006-04-03,100,21.4664
2006-04-03,120,21.415
2006-04-03,140,21.3846
2006-04-03,140,21.4186
2006-04-03,160,21.3796
2006-04-03,180,21.3773
2006-04-03,200,21.3722
2006-04-03,200,21.3785
2006-05-15,0,22.7281
2006-05-15,0,22.5187
2006-05-15,0,22.5283
2006-05-15,20,22.5571
2006-05-15,20,22.4905
2006-05-15,20,22.3365
2006-05-15,39,22.5334
2006-05-15,40,22.3762
2006-05-15,47,22.3384
2006-05-15,59,22.3984
2006-05-15,60,22.3051
2006-05-15,80,22.0687
2006-05-15,80,22.1409
2006-05-15,100,21.886
2006-05-15,100,22.0245
2006-05-15,120,21.7372
2006-05-15,140,21.5874
2006-05-15,161,21.4783
2006-05-15,200,21.3809
2006-05-15,200,21.3768
2006-06-12,0,23.0317
2006-06-12,3,24.3769
2006-06-12,7,NA
2006-06-12,19,23.0001
2006-06-12,21,23.0455
2006-06-12,21,22.9352
2006-06-12,39,22.9617
2006-06-12,40,22.9945
2006-06-12,50,22.7768
2006-06-12,60,22.8155
2006-06-12,60,22.8602
2006-06-12,78,22.6327
2006-06-12,80,20.3637
2006-06-12,100,22.5074
2006-06-12,100,22.317
2006-06-12,120,22.2846
2006-06-12,150,21.7861
2006-06-12,160,21.6216
2006-06-12,198,21.4477
2006-06-12,200,21.4314
2006-07-10,0,25.5902
2006-07-10,0,25.5297
2006-07-10,0,25.5167
2006-07-10,20,NA
2006-07-10,20,24.9029
2006-07-10,20,24.4781
2006-07-10,40,24.1091
2006-07-10,40,24.1841
2006-07-10,40,24.2526
2006-07-10,59,23.8626
2006-07-10,60,24.01
2006-07-10,80,23.6445
2006-07-10,80,23.7861
2006-07-10,100,23.3628
2006-07-10,100,23.567
2006-07-10,120,23.1022
2006-07-10,140,22.6587
2006-07-10,150,22.7859
2006-07-10,160,22.0539
2006-07-10,180,21.797
2006-07-10,200,21.5249
2006-08-07,0,NA
2006-08-07,0,NA
2006-08-07,20,NA
2006-08-07,20,NA
2006-08-07,40,NA
2006-08-07,40,NA
2006-08-07,60,NA
2006-08-07,60,NA
2006-08-07,80,NA
2006-08-07,80,NA
2006-08-07,100,NA
2006-08-07,100,NA
2006-08-07,120,NA
2006-08-07,140,NA
2006-08-07,160,NA
2006-08-07,160,NA
2006-08-07,180,NA
2006-08-07,200,NA
2006-08-07,200,NA
2006-09-18,0,26.2588
2006-09-18,0,26.2845
2006-09-18,0,25.4627
2006-09-18,1.5,26.0156
2006-09-18,20,26.2639
2006-09-18,20,25.1025
2006-09-18,21,26.1443
2006-09-18,21,25.985
2006-09-18,40,25.1333
2006-09-18,41,25.7918
2006-09-18,41,24.9321
2006-09-18,51,24.4276
2006-09-18,60,25.2343
2006-09-18,60,24.7939
2006-09-18,61,24.5606
2006-09-18,80,24.2515
2006-09-18,80,24.2004
2006-09-18,80,24.423
2006-09-18,99,23.9027
2006-09-18,100,23.8218
2006-09-18,100,23.8291
2006-09-18,120,23.4721
2006-09-18,120,23.5408
2006-09-18,140,22.8262
2006-09-18,140,23.5408
2006-09-18,151,22.7403
2006-09-18,160,22.4423
2006-09-18,160,22.4817
2006-09-18,180,22.2716
2006-09-18,181,22.1412
2006-09-18,200,21.9195
2006-09-18,200,21.9189
2006-09-18,200,21.9597
2006-09-18,200,21.979
2006-10-17,0,25.8507
2006-10-17,0,25.559
2006-10-17,0,25.5266
2006-10-17,20,25.646
2006-10-17,20,25.5584
2006-10-17,20,25.4963
2006-10-17,40,25.6274
2006-10-17,50,25.4286
2006-10-17,59,25.5337
2006-10-17,59,25.5657
2006-10-17,80,25.4653
2006-10-17,81,25.4645
2006-10-17,98,24.9563
2006-10-17,100,24.5278
2006-10-17,119,23.8747
2006-10-17,140,22.7399
2006-10-17,148,22.7786
2006-10-17,160,22.3817
2006-10-17,180,22.2376
2006-10-17,200,21.9318
2006-10-17,200,21.9466
2006-11-19,0,23.9214
2006-11-19,2,23.9375
2006-11-19,20,23.9301
2006-11-19,21,23.9415
2006-11-19,40,23.9458
2006-11-19,59,23.9353
2006-11-19,60,23.9466
2006-11-19,81,23.9503
2006-11-19,81,23.9575
2006-11-19,98,23.9591
2006-11-19,100,23.9527
2006-11-19,119,23.9553
2006-11-19,141,23.9394
2006-11-19,148,23.9611
2006-11-19,160,22.9749
2006-11-19,178,22.3322
2006-11-19,200,22.0569
2006-11-19,200,22.7779
2006-12-13,0,22.8416
2006-12-13,0,22.6878
2006-12-13,20,22.8409
2006-12-13,20,22.6833
2006-12-13,40,22.8363
2006-12-13,50,22.6474
2006-12-13,60,22.8327
2006-12-13,80,22.8352
2006-12-13,100,22.8324
2006-12-13,120,22.8276
2006-12-13,140,22.8236
2006-12-13,180,22.8168
2006-12-13,200,22.8128
2007-01-15,0,21.577
2007-01-15,0,21.57
2007-01-15,0,21.5277
2007-01-15,20,21.587
2007-01-15,20,21.581
2007-01-15,20,21.5478
2007-01-15,38,21.591
2007-01-15,40,21.578
2007-01-15,50,21.5339
2007-01-15,59,21.594
2007-01-15,60,21.581
2007-01-15,80,21.598
2007-01-15,100,21.601
2007-01-15,100,21.589
2007-01-15,119,21.605
2007-01-15,140,21.606
2007-01-15,158,21.61
2007-01-15,181,21.616
2007-01-15,200,21.621
2007-01-15,200,21.6
2007-02-12,0,21.2005
2007-02-12,0,21.1548
2007-02-12,0,21.4009
2007-02-12,20,21.1205
2007-02-12,20,21.1366
2007-02-12,20,21.0979
2007-02-12,40,21.1187
2007-02-12,40,21.1244
2007-02-12,50,21.064
2007-02-12,60,21.1257
2007-02-12,60,21.1194
2007-02-12,80,21.1306
2007-02-12,100,21.134
2007-02-12,100,21.1261
2007-02-12,120,21.139
2007-02-12,140,21.1423
2007-02-12,160,NA
2007-02-12,180,21.1524
2007-02-12,200,21.158
2007-02-12,200,21.1394
2007-03-12,0,21.2381
2007-03-12,0,21.2871
2007-03-12,0,21.0215
2007-03-12,0,20.9966
2007-03-12,20,21.0832
2007-03-12,20,21.0819
2007-03-12,20,21.0232
2007-03-12,20,20.9884
2007-03-12,40,21.0468
2007-03-12,40,21.0681
2007-03-12,40,21.0248
2007-03-12,50,20.957
2007-03-12,60,21.041
2007-03-12,60,21.0714
2007-03-12,60,21.0265
2007-03-12,80,21.0427
2007-03-12,80,21.0697
2007-03-12,80,21.0314
2007-03-12,100,21.0679
2007-03-12,100,21.0372
2007-03-12,101,21.0466
2007-03-12,120,21.0532
2007-03-12,120,21.072
2007-03-12,139,21.0472
2007-03-12,140,21.0761
2007-03-12,160,21.0497
2007-03-12,160,21.0808
2007-03-12,200,21.0579
2007-03-12,200,21.0849
2007-03-12,200,21.0562
2007-04-16,0,21.1743
2007-04-16,20,21.0373
2007-04-16,40,21.0324
2007-04-16,60,21.0273
2007-04-16,80,21.005
2007-04-16,100,21.0044
2007-04-16,120,21.0093
2007-04-16,141,21.0125
2007-04-16,160,21.0142
2007-04-16,178,21.015
2007-04-16,200,21.0242
2007-05-14,0,NA
2007-05-14,0,24.5048
2007-05-14,20,22.9461
2007-05-14,20,22.5812
2007-05-14,40,22.2172
2007-05-14,40,22.145
2007-05-14,60,21.8997
2007-05-14,60,21.9057
2007-05-14,80,21.594
2007-05-14,80,21.6809
2007-05-14,100,21.3987
2007-05-14,100,21.4015
2007-05-14,121,21.2883
2007-05-14,140,21.1919
2007-05-14,160,21.073
2007-05-14,180,21.0582
2007-05-14,199,21.0481
2007-06-19,0,24.5603
2007-06-19,0,24.4378
2007-06-19,19,23.6751
2007-06-19,19,23.5488
2007-06-19,20,23.6556
2007-06-19,40,23.1342
2007-06-19,40,23.1995
2007-06-19,45,23.231
2007-06-19,60,22.8625
2007-06-19,60,23.0183
2007-06-19,79,22.5411
2007-06-19,81,22.5866
2007-06-19,99,22.3289
2007-06-19,101,22.2886
2007-06-19,121,21.7435
2007-06-19,140,21.6707
2007-06-19,150,21.1811
2007-06-19,160,21.2039
2007-06-19,180,21.1478
2007-06-19,200,21.0746
2007-07-17,0,26.8765
2007-07-17,0,27.021
2007-07-17,0,26.7296
2007-07-17,20,NA
2007-07-17,20,26.5831
2007-07-17,20,26.3033
2007-07-17,40,NA
2007-07-17,40,25.8139
2007-07-17,50,25.0282
2007-07-17,60,24.9714
2007-07-17,60,24.0568
2007-07-17,78,24.3864
2007-07-17,80,23.6228
2007-07-17,100,23.3751
2007-07-17,100,23.6252
2007-07-17,120,22.8399
2007-07-17,140,22.3499
2007-07-17,140,22.2451
2007-07-17,160,21.7325
2007-07-17,180,21.4432
2007-07-17,180,21.4614
2007-07-17,200,21.2723
2007-08-15,0,26.6027
2007-08-15,20,26.3452
2007-08-15,40,25.3916
2007-08-15,60,24.8044
2007-08-15,80,24.4051
2007-08-15,100,23.8558
2007-08-15,119,22.9094
2007-08-15,140,22.4305
2007-08-15,160,22.0294
2007-08-15,179,21.8705
2007-09-03,0,27.5322
2007-09-03,0,27.9554
2007-09-03,0,27.0189
2007-09-03,20,27.4232
2007-09-03,20,27.3292
2007-09-03,20,26.8212
2007-09-03,40,25.8835
2007-09-03,40,26.4812
2007-09-03,50,25.8375
2007-09-03,60,24.5121
2007-09-03,60,25.1428
2007-09-03,80,24.0359
2007-09-03,80,23.9408
2007-09-03,100,23.5025
2007-09-03,100,23.2705
2007-09-03,120,23.2543
2007-09-03,120,22.7658
2007-09-03,140,22.5479
2007-09-03,140,22.2367
2007-09-03,160,22.1124
2007-09-03,160,21.9045
2007-09-03,180,21.743
2007-09-03,200,21.3384
2007-09-03,200,21.3518
2007-10-22,0,24.7701
2007-10-22,0,24.8136
2007-10-22,20,NA
2007-10-22,20,NA
2007-10-22,40,NA
2007-10-22,40,NA
2007-10-22,60,NA
2007-10-22,60,NA
2007-10-22,80,NA
2007-10-22,80,NA
2007-10-22,100,NA
2007-10-22,100,NA
2007-10-22,120,NA
2007-10-22,140,NA
2007-10-22,161,NA
2007-10-22,181,NA
2007-10-22,200,NA
2007-10-23,0,NA
2007-10-23,20,NA
2007-10-23,50,NA
2007-11-13,0,24.0773
2007-11-13,3,24.0873
2007-11-13,3,NA
2007-11-13,20,24.1015
2007-11-13,20,NA
2007-11-13,21,24.0793
2007-11-13,40,24.0817
2007-11-13,40,24.1103
2007-11-13,50,NA
2007-11-13,60,24.1132
2007-11-13,61,24.0885
2007-11-13,80,24.057
2007-11-13,81,24.0881
2007-11-13,100,24.0493
2007-11-13,101,23.5025
2007-11-13,120,22.2797
2007-11-13,140,21.952
2007-11-13,150,22.1173
2007-11-13,160,21.8019
2007-11-13,180,21.6302
2007-11-13,200,21.39
2007-11-13,200,21.7446
2008-01-17,0,NA
2008-01-17,0,21.366
2008-01-17,20,NA
2008-01-17,20,21.37
2008-01-17,40,NA
2008-01-17,40,21.373
2008-01-17,60,NA
2008-01-17,60,21.382
2008-01-17,80,NA
2008-01-17,80,21.383
2008-01-17,100,NA
2008-01-17,100,21.39
2008-01-17,160,21.401
2008-01-17,200,NA
2008-01-17,200,21.407
2008-02-12,0,21.1016
2008-02-12,20,21.0421
2008-02-12,40,21.0421
2008-02-12,60,21.0404
2008-02-12,80,21.0421
2008-02-12,100,21.0413
2008-02-12,160,21.053
2008-02-12,200,21.0605
2008-03-18,0,21.3472
2008-03-18,0,21.3254
2008-03-18,2,NA
2008-03-18,20,NA
2008-03-18,20,20.9555
2008-03-18,20,20.934
2008-03-18,40,20.9414
2008-03-18,40,20.8788
2008-03-18,45,NA
2008-03-18,59,20.9423
2008-03-18,60,20.8805
2008-03-18,80,20.9497
2008-03-18,80,20.8846
2008-03-18,100,20.9533
2008-03-18,120,20.9525
2008-03-18,120,20.8912
2008-03-18,160,20.8947
2008-03-18,160,20.9002
2008-03-18,200,20.9723
2008-03-18,200,20.9086
2008-04-14,0,22.6546
2008-04-14,0,21.5632
2008-04-14,20,21.3459
2008-04-14,20,21.3354
2008-04-14,40,21.3361
2008-04-14,50,21.267
2008-04-14,60,21.3025
2008-04-14,80,21.2444
2008-04-14,100,21.2485
2008-04-14,120,21.2536
2008-04-14,140,21.2422
2008-04-14,160,21.1691
2008-04-14,180,21.1093
2008-05-12,0,22.2775
2008-05-12,20,22.2808
2008-05-12,40,21.9637
2008-05-12,60,21.7835
2008-05-12,80,21.5907
2008-05-12,100,21.381
2008-05-12,120,21.1068
2008-05-12,140,21.076
2008-05-12,161,21.0001
2008-05-12,200,20.9503
2008-06-15,0,NA
2008-06-15,0,23.7952
2008-06-15,20,NA
2008-06-15,20,23.5639
2008-06-15,41,23.154
2008-06-15,45,NA
2008-06-15,60,22.9092
2008-06-15,80,22.6302
2008-06-15,100,22.5672
2008-06-15,120,22.4063
2008-06-15,141,22.0018
2008-06-15,160,21.3355
2008-06-15,180,21.1723
2008-06-15,200,21.0447
2008-08-19,0,NA
2008-08-19,0,27.3748
2008-08-19,2,NA
2008-08-19,19,27.1674
2008-08-19,20,NA
2008-08-19,20,NA
2008-08-19,40,NA
2008-08-19,40,26.6621
2008-08-19,50,NA
2008-08-19,60,NA
2008-08-19,60,26.2244
2008-08-19,80,NA
2008-08-19,80,25.1868
2008-08-19,100,NA
2008-08-19,100,24.297
2008-08-19,121,23.2412
2008-08-19,150,NA
2008-08-19,161,22.1754
2008-08-19,200,NA
2008-08-19,200,21.5216
2008-09-07,0,NA
2008-09-07,0,25.6419
2008-09-07,20,NA
2008-09-07,20,25.4182
2008-09-07,40,24.8491
2008-09-07,45,NA
2008-09-07,60,24.2174
2008-09-07,80,23.8326
2008-09-07,100,23.2642
2008-09-07,120,22.6575
2008-09-07,140,22.1555
2008-09-07,160,21.7902
2008-09-07,180,21.3734
2008-09-07,200,21.2387
2008-09-16,0,NA
2008-09-16,0,27.1549
2008-09-16,20,NA
2008-09-16,20,26.8502
2008-09-16,40,26.4421
2008-09-16,45,NA
2008-09-16,60,26.0152
2008-09-16,80,24.7757
2008-09-16,100,23.0827
2008-09-16,139,22.4022
2008-09-16,200,21.5029
2008-10-27,0,NA
2008-10-27,0,24.9605
2008-10-27,20,NA
2008-10-27,20,24.9422
2008-10-27,40,24.933
2008-10-27,45,NA
2008-10-27,60,24.9317
2008-10-27,80,24.928
2008-10-27,100,24.9081
2008-10-27,121,23.6631
2008-10-27,141,23.1116
2008-10-27,160,22.5341
2008-10-27,180,22.0831
2008-10-27,200,21.8664
2008-11-17,0,NA
2008-11-17,0,23.9137
2008-11-17,19,NA
2008-11-17,20,23.9185
2008-11-17,39,23.9149
2008-11-17,46,NA
2008-11-17,60,23.9221
2008-11-17,80,23.9246
2008-11-17,100,23.8985
2008-11-17,119,23.664
2008-11-17,140,22.7748
2008-12-05,0,NA
2008-12-05,20,NA
2008-12-05,50,NA
2008-12-10,0,NA
2008-12-10,0,23.9007
2008-12-10,20,NA
2008-12-10,20,23.9074
2008-12-10,40,23.8758
2008-12-10,50,NA
2008-12-10,60,23.8338
2008-12-10,80,23.78
2008-12-10,100,23.6752
2008-12-10,120,23.4129
2008-12-10,140,23.3051
2009-01-12,0,22.0923
2009-01-12,0,22.1804
2009-01-12,20,22.1027
2009-01-12,20,22.188
2009-01-12,40,22.1916
2009-01-12,45,22.1005
2009-01-12,60,22.196
2009-01-12,81,22.2004
2009-01-12,99,22.1985
2009-01-12,120,22.2051
2009-01-12,150,22.2108
2009-01-12,180,22.2177
2009-01-12,200,22.2214
2009-02-23,0,21.5829
2009-02-23,0,21.7544
2009-02-23,20,21.5459
2009-02-23,20,21.5564
2009-02-23,40,21.556
2009-02-23,45,21.5516
2009-02-23,60,21.5553
2009-02-23,80,21.5693
2009-02-23,100,21.583
2009-02-23,120,21.6021
2009-02-23,160,21.6696
2009-02-23,200,21.6731
2009-03-16,0,21.4149
2009-03-16,3,21.467
2009-03-16,20,21.4019
2009-03-16,20,21.437
2009-03-16,40,21.4297
2009-03-16,45,21.3945
2009-03-16,60,21.4306
2009-03-16,80,21.4306
2009-03-16,100,21.4355
2009-03-16,120,21.4419
2009-03-16,140,21.4727
2009-03-16,160,21.5148
2009-03-16,180,21.5138
2009-03-16,200,21.5023
2009-04-20,0,NA
2009-04-20,0,21.9795
2009-04-20,20,NA
2009-04-20,20,21.6206
2009-04-20,40,21.5872
2009-04-20,49,NA
2009-04-20,60,21.4939
2009-04-20,80,21.4622
2009-04-20,100,21.3683
2009-04-20,120,21.3399
2009-04-20,141,21.323
2009-04-20,161,21.3227
2009-04-20,200,21.3058
2009-06-17,0,23.8504
2009-06-17,0,24.5831
2009-06-17,20,24.1514
2009-06-17,21,23.5501
2009-06-17,40,23.3677
2009-06-17,50,23.4156
2009-06-17,61,23.2106
2009-06-17,79,22.9487
2009-06-17,100,22.7547
2009-06-17,120,21.9151
2009-06-17,140,21.6742
2009-06-17,160,21.5169
2009-06-17,180,21.3871
2009-07-21,0,27.1372
2009-07-21,0,27.957
2009-07-21,20,26.4217
2009-07-21,21,26.0082
2009-07-21,40,25.2017
2009-07-21,45,25.5167
2009-07-21,60,24.8132
2009-07-21,80,24.5241
2009-07-21,100,24.1179
2009-07-21,120,22.9125
2009-07-21,140,22.1535
2009-07-21,159,21.8891
2009-07-21,180,21.613
2009-07-21,200,21.4611
2009-08-19,0,26.2325
2009-08-19,0,27.366
2009-08-19,20,26.4832
2009-08-19,21,26.0016
2009-08-19,40,25.6215
2009-08-19,45,25.8277
2009-08-19,61,25.0775
2009-08-19,79,24.4161
2009-08-19,100,23.6219
2009-08-19,120,22.948
2009-08-19,139,22.5167
2009-08-19,160,22.1219
2009-08-19,180,21.8905
2009-08-19,200,21.5659
2009-09-14,0,26.052
2009-09-14,0,26.6899
2009-09-14,19,25.7231
2009-09-14,20,26.5966
2009-09-14,40,25.0678
2009-09-14,40,25.0136
2009-09-14,60,24.2308
2009-09-14,80,23.6808
2009-09-14,100,22.9859
2009-09-14,120,22.6307
2009-09-14,140,22.1568
2009-09-14,160,21.9069
2009-09-14,180,21.6636
2009-09-14,200,21.5054
2009-10-19,0,25.6724
2009-10-19,0,26.4234
2009-10-19,21,25.5303
2009-10-19,21,25.5237
2009-10-19,40,25.3246
2009-10-19,45,25.5229
2009-10-19,60,25.0915
2009-10-19,80,25.0796
2009-10-19,100,24.9315
2009-10-19,120,23.3252
2009-10-19,140,22.6834
2009-10-19,160,22.2044
2009-10-19,180,21.9527
2009-10-19,200,21.7252
2009-11-05,0,21.8255
2009-11-05,0,22.0717
2009-11-05,19,21.9927
2009-11-05,20,21.8056
2009-11-05,40,21.9053
2009-11-05,45,21.6525
2009-11-05,60,21.7169
2009-11-05,80,21.6244
2009-11-05,100,21.543
2009-11-05,120,21.5001
2009-11-05,140,21.4605
2009-11-05,160,21.4388
2009-11-05,180,21.3902
2009-11-05,200,21.3625
2009-11-17,0,25.2999
2009-11-17,0,25.0705
2009-11-17,19,25.2956
2009-11-17,21,25.0714
2009-11-17,40,25.2976
2009-11-17,45,25.0548
2009-11-17,60,25.297
2009-11-17,79,25.1371
2009-11-17,100,24.3744
2009-11-17,120,23.4666
2009-11-17,140,23.0333
2009-11-17,160,22.6109
2009-11-17,180,22.0822
2009-11-17,200,21.759
2009-12-30,0,23.0507
2009-12-30,20,23.0426
2009-12-30,40,23.0431
2009-12-30,61,23.0487
2009-12-30,79,23.0483
2009-12-30,100,23.0535
2009-12-30,120,23.0457
2009-12-30,140,23.0542
2009-12-30,160,23.0639
2009-12-30,180,23.0651
2010-01-26,0,22.8205
2010-01-26,0,22.805
2010-01-26,20,22.8281
2010-01-26,20,22.8044
2010-01-26,40,22.8353
2010-01-26,50,22.7486
2010-01-26,60,22.8443
2010-01-26,79,22.8502
2010-01-26,100,22.8943
2010-01-26,120,22.8438
2010-01-26,139,22.8217
2010-01-26,160,22.8032
2010-01-26,181,22.7241
2010-01-26,200,22.6024
2010-02-15,0,22.4951
2010-02-15,0,NA
2010-02-15,20,NA
2010-02-15,21,22.3529
2010-02-15,40,22.2964
2010-02-15,50,22.3631
2010-02-15,60,22.2906
2010-02-15,80,22.2717
2010-02-15,100,22.2813
2010-02-15,120,22.2741
2010-02-15,140,22.2748
2010-02-15,160,22.2806
2010-02-15,180,22.2847
2010-02-15,200,22.2772
2010-03-24,0,NA
2010-03-24,0,23.5232
2010-03-24,20,22.2895
2010-03-24,21,22.2638
2010-03-24,40,22.2827
2010-03-24,50,22.2774
2010-03-24,61,22.2798
2010-03-24,80,22.2854
2010-03-24,100,22.292
2010-03-24,120,22.2993
2010-03-24,140,22.293
2010-03-24,160,22.2637
2010-03-24,180,22.2075
2010-03-24,200,22.1117
2010-04-27,0,23.0546
2010-04-27,0,NA
2010-04-27,20,22.7127
2010-04-27,21,NA
2010-04-27,40,NA
2010-04-27,45,NA
2010-04-27,60,22.4639
2010-04-27,80,NA
2010-04-27,100,22.3074
2010-04-27,120,22.2904
2010-04-27,140,22.2327
2010-04-27,160,22.2341
2010-04-27,180,22.2148
2010-04-27,200,22.1775
2010-05-16,0,23.8149
2010-05-16,0,23.7217
2010-05-16,0,24.3491
2010-05-16,20,23.7738
2010-05-16,20,23.9344
2010-05-16,21,23.3842
2010-05-16,40,23.2184
2010-05-16,41,23.5637
2010-05-16,50,22.9755
2010-05-16,60,23.0292
2010-05-16,60,22.9565
2010-05-16,80,22.9634
2010-05-16,80,22.9372
2010-05-16,100,22.8139
2010-05-16,100,22.7681
2010-05-16,120,22.7269
2010-05-16,120,22.7415
2010-05-16,140,22.6141
2010-05-16,150,22.4632
2010-05-16,160,22.4313
2010-05-16,180,22.2973
2010-05-16,200,22.2874
2010-05-16,200,22.2511
2010-06-13,0,25.9843
2010-06-13,0,25.5234
2010-06-13,20,24.6013
2010-06-13,20,24.5149
2010-06-13,40,24.2903
2010-06-13,50,24.0892
2010-06-13,60,23.7388
2010-06-13,80,23.6495
2010-06-13,100,23.4335
2010-06-13,120,22.8955
2010-06-13,140,22.51
2010-06-13,160,22.3447
2010-06-13,180,22.2636
2010-06-13,200,22.188
2010-07-06,0,NA
2010-07-06,0,25.6174
2010-07-06,20,NA
2010-07-06,20,25.0524
2010-07-06,40,24.7531
2010-07-06,50,NA
2010-07-06,61,24.2969
2010-07-06,79,24.0608
2010-07-06,100,23.7998
2010-07-06,120,23.3272
2010-07-06,140,23.1526
2010-07-06,160,22.7059
2010-07-06,180,22.4902
2010-08-16,0,NA
2010-08-16,0,27.5634
2010-08-16,20,26.5868
2010-08-16,21,NA
2010-08-16,40,25.8804
2010-08-16,50,NA
2010-08-16,60,25.4165
2010-08-16,80,24.2756
2010-08-16,101,23.6096
2010-08-16,121,22.8204
2010-08-16,141,22.5469
2010-08-16,161,22.3491
2010-08-16,180,22.2403
2010-08-16,200,22.1298
2010-09-13,0,25.84
2010-09-13,0,26.63
2010-09-13,20,26.3
2010-09-13,21,25.77
2010-09-13,40,25.62
2010-09-13,50,25.27
2010-09-13,60,24.74
2010-09-13,81,24.33
2010-09-13,100,23.85
2010-09-13,122,23.04
2010-09-13,141,22.34
2010-09-13,160,22.36
2010-09-13,180,22.22
2010-10-11,0,26.0695
2010-10-11,0,26.2368
2010-10-11,20,26.2458
2010-10-11,21,26.0694
2010-10-11,40,26.213
2010-10-11,50,26.0189
2010-10-11,60,26.1644
2010-10-11,80,25.9829
2010-10-11,101,24.9024
2010-10-11,120,24.1702
2010-10-11,140,23.6807
2010-10-11,160,22.9615
2010-10-11,181,22.4612
2010-10-11,200,22.2112
2010-11-14,0,NA
2010-11-14,0,25.8443
2010-11-14,20,NA
2010-11-14,20,25.501
2010-11-14,40,25.4647
2010-11-14,50,NA
2010-11-14,60,25.4169
2010-11-14,79,25.4055
2010-11-14,100,25.3958
2010-11-14,120,25.2908
2010-11-14,140,25.2675
2010-11-14,160,22.5784
2010-11-14,180,22.2213
2010-11-14,200,22.0268
2010-12-27,0,23.7639
2010-12-27,0,23.9075
2010-12-27,20,23.7536
2010-12-27,20,23.8979
2010-12-27,41,23.8876
2010-12-27,50,23.5084
2010-12-27,61,23.8893
2010-12-27,80,23.884
2010-12-27,100,23.8881
2010-12-27,120,23.8929
2010-12-27,141,23.8939
2010-12-27,161,23.8941
2010-12-27,179,23.8947
2011-01-17,0,23.15
2011-01-17,20,23.15
2011-01-17,40,23.15
2011-01-17,60,23.15
2011-01-17,79,23.15
2011-01-17,100,23.15
2011-01-17,120,23.15
2011-01-17,140,23.15
2011-01-17,160,23.15
2011-01-17,180,23.15
2011-01-17,200,NA
2011-02-13,0,22.45
2011-02-13,0,22.502
2011-02-13,19,22.47
2011-02-13,20,22.5
2011-02-13,40,22.508
2011-02-13,48,22.46
2011-02-13,61,22.512
2011-02-13,80,22.51
2011-02-13,100,22.51
2011-02-13,119,22.51
2011-02-13,140,22.52
2011-02-13,160,22.52
2011-02-13,179,22.52
2011-02-13,200,22.52
2011-03-14,0,22.0472
2011-03-14,0,21.9898
2011-03-14,20,22.0529
2011-03-14,21,21.9768
2011-03-14,40,22.0537
2011-03-14,50,21.8454
2011-03-14,59,22.0536
2011-03-14,80,22.0527
2011-03-14,100,22.0551
2011-03-14,100,22.0423
2011-03-14,120,22.0447
2011-03-14,140,22.0445
2011-03-14,150,22.0598
2011-03-14,160,22.0503
2011-03-14,180,22.0576
2011-03-14,200,22.0607
2011-05-22,0,22.7602
2011-05-22,0,23.0502
2011-05-22,20,22.7384
2011-05-22,20,23.021
2011-05-22,40,22.9261
2011-05-22,46,22.6509
2011-05-22,60,22.7559
2011-05-22,80,22.6476
2011-05-22,100,22.5596
2011-05-22,120,22.4208
2011-05-22,140,22.2871
2011-05-22,160,22.2336
2011-05-22,180,22.1735
2011-05-22,200,22.1294
2011-06-12,0,24.5026
2011-06-12,0,24.2786
2011-06-12,20,23.6962
2011-06-12,20,23.9266
2011-06-12,40,23.4692
2011-06-12,46,23.7558
2011-06-12,60,23.3992
2011-06-12,80,23.404
2011-06-12,100,23.1787
2011-06-12,120,22.947
2011-06-12,141,22.626
2011-06-12,160,22.2504
2011-06-12,180,22.1495
2011-06-12,200,22.0641
2011-07-18,0,25.89
2011-07-18,0,25.38
2011-07-18,20,25.16
2011-07-18,21,24.87
2011-07-18,40,25.03
2011-07-18,45,NA
2011-07-18,60,24.42
2011-07-18,80,24.2031
2011-07-18,100,23.8618
2011-07-18,120,23.3896
2011-07-18,140,22.8706
2011-07-18,160,22.4356
2011-07-18,180,22.1669
2011-07-18,200,22.0925
2011-08-07,0,25.7458
2011-08-07,0,25.3771
2011-08-07,20,25.6277
2011-08-07,21,25.2402
2011-08-07,40,24.9659
2011-08-07,47,24.4792
2011-08-07,60,24.6626
2011-08-07,80,24.4752
2011-08-07,100,24.0602
2011-08-07,120,23.6819
2011-08-07,140,23.1242
2011-08-07,160,22.7659
2011-08-07,180,22.3937
2011-08-07,200,22.1263
2011-09-19,0,26.8592
2011-09-19,0,NA
2011-09-19,0,26.7154
2011-09-19,20,26.6254
2011-09-19,20,NA
2011-09-19,20,26.7209
2011-09-19,40,25.7466
2011-09-19,40,26.526
2011-09-19,50,25.6339
2011-09-19,60,25.4931
2011-09-19,60,25.9184
2011-09-19,80,24.603
2011-09-19,80,24.9787
2011-09-19,100,24.3999
2011-09-19,101,24.3946
2011-09-19,120,23.9541
2011-09-19,140,23.5565
2011-09-19,150,22.8629
2011-09-19,160,23.0036
2011-09-19,180,22.5681
2011-09-19,200,22.2947
2011-09-19,200,22.1941
2011-10-04,0,22.5145
2011-10-04,0,22.2868
2011-10-04,20,22.1938
2011-10-04,20,22.0794
2011-10-04,40,22.1014
2011-10-04,50,22.115
2011-10-04,60,22.0871
2011-10-04,80,22.0844
2011-10-04,100,22.059
2011-10-04,120,22.0392
2011-10-04,140,22.0311
2011-10-04,160,22.0176
2011-10-04,180,22.0108
2011-10-04,200,22.0044
2011-10-09,0,NA
2011-10-09,0,25.8303
2011-10-09,20,NA
2011-10-09,20,25.7894
2011-10-09,40,25.8671
2011-10-09,50,25.0825
2011-10-09,60,25.4209
2011-10-09,80,24.3769
2011-10-09,100,23.903
2011-10-09,120,23.4685
2011-10-09,140,23.304
2011-10-09,160,23.0246
2011-10-09,180,22.6896
2011-10-09,200,22.4305
2011-11-22,0,23.5806
2011-11-22,0,NA
2011-11-22,20,23.576
2011-11-22,20,NA
2011-11-22,40,23.585
2011-11-22,50,NA
2011-11-22,60,23.587
2011-11-22,80,23.5879
2011-11-22,100,23.5938
2011-11-22,120,23.5951
2011-11-22,140,23.6008
2011-11-22,160,23.567
2011-11-22,180,22.5427
2011-11-22,200,22.1323
2011-12-12,0,22.3286
2011-12-12,0,22.2764
2011-12-12,19,22.3246
2011-12-12,20,22.2728
2011-12-12,40,22.2362
2011-12-12,41,22.3383
2011-12-12,62,22.3407
2011-12-12,80,22.3407
2011-12-12,100,22.3533
2011-12-12,119,22.3585
2011-12-12,140,22.3556
2011-12-12,160,22.3589
2011-12-12,180,22.3551
2011-12-12,200,22.3699
2012-01-16,0,21.6209
2012-01-16,0,21.6551
2012-01-16,20,21.6215
2012-01-16,20,21.6584
2012-01-16,40,21.6621
2012-01-16,45,21.5847
2012-01-16,60,21.664
2012-01-16,80,21.6701
2012-01-16,100,21.6732
2012-01-16,120,21.6754
2012-01-16,140,21.6779
2012-01-16,160,21.6823
2012-01-16,180,21.686
2012-01-16,200,21.6914
2012-03-07,0,25.3804
2012-03-07,0,25.748
2012-03-07,20,24.9996
2012-03-07,20,25.2862
2012-03-07,40,25.0814
2012-03-07,45,24.8355
2012-03-07,60,24.3438
2012-03-07,80,24.0812
2012-03-07,100,23.5609
2012-03-07,120,22.8647
2012-03-07,140,21.3605
2012-03-07,160,21.3354
2012-03-07,180,21.1491
2012-03-07,200,21.0407
2012-03-13,0,21.1299
2012-03-13,0,20.963
2012-03-13,0,20.9866
2012-03-13,20,21.0675
2012-03-13,20,20.9575
2012-03-13,20,20.982
2012-03-13,40,21.0409
2012-03-13,40,20.9814
2012-03-13,45,20.9518
2012-03-13,60,21.0293
2012-03-13,60,20.9828
2012-03-13,80,21.0224
2012-03-13,80,20.9865
2012-03-13,100,21.0153
2012-03-13,100,20.9902
2012-03-13,120,20.9933
2012-03-13,140,20.9895
2012-03-13,150,21.015
2012-03-13,160,20.9961
2012-03-13,180,21.0003
2012-03-13,200,21.0048
2012-04-16,0,21.5712
2012-04-16,0,21.8379
2012-04-16,20,21.0374
2012-04-16,20,21.1519
2012-04-16,40,21.02
2012-04-16,50,20.99
2012-04-16,60,20.9897
2012-04-16,80,20.9828
2012-04-16,100,20.9821
2012-04-16,120,20.9715
2012-04-16,140,20.9657
2012-04-16,160,20.9662
2012-04-16,180,20.9667
2012-04-16,200,20.971
2012-05-13,0,22.7351
2012-05-13,0,22.8257
2012-05-13,20,22.3393
2012-05-13,20,22.6811
2012-05-13,40,22.413
2012-05-13,45,22.3262
2012-05-13,60,22.3125
2012-05-13,80,21.9806
2012-05-13,100,21.8581
2012-05-13,120,21.5921
2012-05-13,140,21.4473
2012-05-13,160,21.2028
2012-05-13,180,21.0606
2012-05-13,200,21.0214
2012-08-02,0,21.1869
2012-08-02,0,21.2314
2012-08-02,20,21.1409
2012-08-02,20,21.2392
2012-08-02,40,21.2557
2012-08-02,48,21.001
2012-08-02,60,21.2593
2012-08-02,80,21.262
2012-08-02,100,21.2674
2012-08-02,120,21.269
2012-08-02,140,21.2772
2012-08-02,160,21.2802
2012-08-02,180,21.2854
2012-08-02,200,21.2875
2012-08-13,0,27.7077
2012-08-13,0,28.1834
2012-08-13,20,26.8738
2012-08-13,20,27.8259
2012-08-13,40,26.0416
2012-08-13,47,25.3831
2012-08-13,60,25.289
2012-08-13,80,24.4092
2012-08-13,100,23.7474
2012-08-13,120,22.9864
2012-08-13,140,22.4865
2012-08-13,160,22.071
2012-08-13,180,21.5473
2012-08-13,200,21.3182
2012-10-06,0,23.7307
2012-10-06,0,23.9189
2012-10-06,20,23.3277
2012-10-06,20,23.8018
2012-10-06,40,23.4536
2012-10-06,45,23.1834
2012-10-06,60,23.0223
2012-10-06,80,22.8385
2012-10-06,100,22.2056
2012-10-06,120,21.7613
2012-10-06,140,21.4516
2012-10-06,160,21.22
2012-10-06,180,21.1021
2012-10-06,200,21.0347
2012-10-29,0,26.2105
2012-10-29,0,25.9627
2012-10-29,20,26.0286
2012-10-29,20,25.9681
2012-10-29,40,25.9688
2012-10-29,45,25.8954
2012-10-29,60,25.9291
2012-10-29,80,25.7051
2012-10-29,100,24.1912
2012-10-29,120,23.2453
2012-10-29,140,22.6863
2012-10-29,160,22.2679
2012-10-29,180,21.9319
2012-10-29,200,21.6136
2012-11-09,0,27.1293
2012-11-09,0,26.5272
2012-11-09,0,27.1669
2012-11-09,20,27.0867
2012-11-09,20,26.1535
2012-11-09,20,26.3572
2012-11-09,40,26.2524
2012-11-09,40,25.9744
2012-11-09,45,25.7695
2012-11-09,60,24.8382
2012-11-09,60,24.8274
2012-11-09,80,23.957
2012-11-09,80,23.8843
2012-11-09,100,23.3915
2012-11-09,100,23.2943
2012-11-09,120,22.9768
2012-11-09,120,22.6632
2012-11-09,140,22.3696
2012-11-09,150,22.4276
2012-11-09,160,22.1273
2012-11-09,180,21.8622
2012-11-09,200,21.5903
2012-11-09,200,21.5726
2012-11-12,0,24.3396
2012-11-12,0,24.3314
2012-11-12,20,24.3347
2012-11-12,20,24.3052
2012-11-12,40,24.334
2012-11-12,45,24.2598
2012-11-12,60,24.3351
2012-11-12,80,24.3325
2012-11-12,100,24.3375
2012-11-12,120,24.3351
2012-11-12,140,24.3303
2012-11-12,160,24.3072
2012-11-12,180,23.1173
2012-11-12,200,22.0678
2012-11-20,0,25.4204
2012-11-20,0,25.3915
2012-11-20,20,25.4212
2012-11-20,20,25.3795
2012-11-20,40,25.4263
2012-11-20,45,25.3502
2012-11-20,60,25.4304
2012-11-20,80,25.4326
2012-11-20,100,25.439
2012-11-20,120,25.4369
2012-11-20,140,23.126
2012-11-20,160,22.6883
2012-11-20,180,22.3181
2012-11-20,200,21.8407
2013-01-15,0,22.4937
2013-01-15,0,NA
2013-01-15,20,22.5054
2013-01-15,20,22.4483
2013-01-15,40,NA
2013-01-15,45,22.4476
2013-01-15,59,22.5092
2013-01-15,79,22.5089
2013-01-15,100,22.5116
2013-01-15,120,22.5152
2013-01-15,140,22.5161
2013-01-15,160,22.518
2013-01-15,180,22.5178
2013-01-15,200,22.5183
2013-02-12,0,21.9687
2013-02-12,0,21.9798
2013-02-12,20,21.9688
2013-02-12,20,21.9617
2013-02-12,40,21.9714
2013-02-12,47,21.8644
2013-02-12,61,21.9745
2013-02-12,83,21.9797
2013-02-12,100,21.984
2013-02-12,120,21.9872
2013-02-12,140,21.9904
2013-02-12,160,21.9937
2013-02-12,180,21.9985
2013-02-12,200,21.9999
2013-03-19,0,22.1678
2013-03-19,0,21.9087
2013-03-19,0,22.0405
2013-03-19,20,22.0229
2013-03-19,20,21.8241
2013-03-19,20,21.9748
2013-03-19,40,21.9982
2013-03-19,40,21.951
2013-03-19,45,21.7242
2013-03-19,60,21.7943
2013-03-19,60,21.8735
2013-03-19,80,21.7356
2013-03-19,80,21.7871
2013-03-19,100,21.7003
2013-03-19,100,21.798
2013-03-19,121,21.7005
2013-03-19,140,21.6876
2013-03-19,150,21.6796
2013-03-19,160,21.6693
2013-03-19,180,21.6586
2013-03-19,200,21.6467
2013-03-19,200,21.6586
2013-04-24,0,22.1143
2013-04-24,0,22.3563
2013-04-24,20,22.0606
2013-04-24,20,22.1662
2013-04-24,40,22.0542
2013-04-24,45,22.1571
2013-04-24,60,22.0443
2013-04-24,80,21.9963
2013-04-24,100,21.9927
2013-04-24,121,21.9943
2013-04-24,140,21.9925
2013-04-24,160,21.9278
2013-04-24,180,21.8599
2013-04-24,200,21.8403
2013-05-21,0,24.0688
2013-05-21,0,24.0949
2013-05-21,20,24.0282
2013-05-21,20,23.6478
2013-05-21,40,23.4756
2013-05-21,48,23.1471
2013-05-21,60,22.9632
2013-05-21,80,22.7885
2013-05-21,100,22.6025
2013-05-21,121,22.3494
2013-05-21,139,22.1734
2013-05-21,160,22.0552
2013-05-21,180,21.9624
2013-05-21,200,21.7825
2013-06-18,0,24.6367
2013-06-18,0,24.5182
2013-06-18,20,24.4864
2013-06-18,20,23.8238
2013-06-18,40,23.8029
2013-06-18,46,23.5146
2013-06-18,60,23.4452
2013-06-18,80,23.0855
2013-06-18,100,22.8879
2013-06-18,121,22.5077
2013-06-18,140,22.3086
2013-06-18,160,22.1778
2013-06-18,180,21.9702
2013-06-18,200,21.8264
2013-07-17,0,25.3828
2013-07-17,0,25.0186
2013-07-17,20,25.0667
2013-07-17,20,24.7503
2013-07-17,40,24.5648
2013-07-17,48,24.6043
2013-07-17,60,24.1666
2013-07-17,80,23.8993
2013-07-17,101,23.7261
2013-07-17,120,23.1555
2013-07-17,140,22.4856
2013-07-17,160,22.1352
2013-07-17,180,21.8854
2013-07-17,200,21.7326
2013-08-11,0,27.6341
2013-08-11,0,27.8284
2013-08-11,20,27.4101
2013-08-11,20,27.2445
2013-08-11,40,26.681
2013-08-11,48,26.4033
2013-08-11,60,26.3388
2013-08-11,80,25.7851
2013-08-11,101,25.2454
2013-08-11,120,24.5174
2013-08-11,140,23.2446
2013-08-11,160,22.7873
2013-08-11,180,22.3925
2013-08-11,200,22.2092
2013-09-15,0,26.8854
2013-09-15,0,NA
2013-09-15,0,27.1676
2013-09-15,20,26.7891
2013-09-15,20,NA
2013-09-15,20,27.0757
2013-09-15,40,26.394
2013-09-15,40,26.4536
2013-09-15,48,NA
2013-09-15,60,25.3767
2013-09-15,60,25.7837
2013-09-15,80,24.9381
2013-09-15,80,24.8881
2013-09-15,100,23.9929
2013-09-15,101,24.4979
2013-09-15,120,23.6598
2013-09-15,120,23.5154
2013-09-15,139,22.9878
2013-09-15,150,22.8486
2013-09-15,160,22.7043
2013-09-15,180,22.5077
2013-09-15,200,22.3304
2013-09-15,200,22.0809
2013-10-16,0,24.9308
2013-10-16,0,24.8722
2013-10-16,20,24.9253
2013-10-16,20,24.8509
2013-10-16,40,24.9246
2013-10-16,45,24.8121
2013-10-16,60,24.9259
2013-10-16,80,24.9213
2013-10-16,100,24.3547
2013-10-16,120,23.4195
2013-10-16,140,23.0757
2013-10-16,160,22.7355
2013-10-16,181,22.486
2013-10-16,200,22.2469
2013-11-12,0,25.1302
2013-11-12,0,24.9519
2013-11-12,20,25.0409
2013-11-12,20,24.8805
2013-11-12,40,24.9309
2013-11-12,45,24.7882
2013-11-12,60,24.8115
2013-11-12,80,24.754
2013-11-12,100,24.6761
2013-11-12,120,24.6122
2013-11-12,140,24.5117
2013-11-12,160,24.0349
2013-11-12,180,22.6766
2013-11-12,200,22.2633
2013-12-17,0,NA
2013-12-17,0,23.5689
2013-12-17,20,23.7716
2013-12-17,20,23.6038
2013-12-17,40,23.7774
2013-12-17,45,23.566
2013-12-17,60,23.7867
2013-12-17,80,23.7707
2013-12-17,100,23.773
2013-12-17,121,23.776
2013-12-17,139,23.7793
2013-12-17,160,23.778
2013-12-17,180,23.7596
2013-12-17,200,22.9756
2014-01-12,0,22.4341
2014-01-12,0,NA
2014-01-12,20,22.4399
2014-01-12,20,NA
2014-01-12,40,22.4382
2014-01-12,40,NA
2014-01-12,60,22.4445
2014-01-12,80,NA
2014-01-12,100,22.4471
2014-01-12,120,22.4512
2014-01-12,140,22.4566
2014-01-12,160,22.4608
2014-01-12,180,22.4642
2014-01-12,200,22.4656
2014-02-19,0,21.8848
2014-02-19,0,21.8258
2014-02-19,20,21.8829
2014-02-19,20,21.829
2014-02-19,40,21.9449
2014-02-19,46,21.7729
2014-02-19,60,21.9404
2014-02-19,80,21.9072
2014-02-19,100,21.8606
2014-02-19,120,21.8343
2014-02-19,140,21.8295
2014-02-19,160,21.829
2014-02-19,180,21.8189
2014-02-19,200,21.8031
2014-03-18,0,21.7901
2014-03-18,0,21.7453
2014-03-18,0,21.7093
2014-03-18,20,21.7562
2014-03-18,20,21.7456
2014-03-18,20,21.7079
2014-03-18,40,21.7404
2014-03-18,40,21.7123
2014-03-18,46,21.7488
2014-03-18,60,21.7397
2014-03-18,60,21.7265
2014-03-18,80,21.743
2014-03-18,80,21.7599
2014-03-18,100,21.7464
2014-03-18,100,21.7539
2014-03-18,120,21.7645
2014-03-18,120,21.7449
2014-03-18,140,21.7937
2014-03-18,140,21.7257
2014-03-18,160,21.7626
2014-03-18,160,21.7198
2014-03-18,180,21.7352
2014-03-18,180,21.7214
2014-03-18,200,21.7185
2014-03-18,200,21.7265
2014-04-18,0,21.8866
2014-04-18,0,21.9774
2014-04-18,20,21.8469
2014-04-18,20,21.7967
2014-04-18,40,21.8238
2014-04-18,48,21.7576
2014-04-18,60,21.7815
2014-04-18,80,21.7063
2014-04-18,100,21.7082
2014-04-18,121,21.6999
2014-04-18,139,21.6998
2014-04-18,160,21.6972
2014-04-18,180,21.703
2014-04-18,200,21.681
2014-05-13,0,23.5932
2014-05-13,0,23.7665
2014-05-13,20,23.5023
2014-05-13,20,23.3352
2014-05-13,40,23.1119
2014-05-13,45,22.9376
2014-05-13,60,22.9586
2014-05-13,80,22.5495
2014-05-13,100,22.362
2014-05-13,120,22.0911
2014-05-13,140,21.908
2014-05-13,160,21.7588
2014-05-13,180,21.7309
2014-05-13,200,21.712
2014-06-17,0,24.1859
2014-06-17,0,23.8879
2014-06-17,20,24.1228
2014-06-17,20,23.8547
2014-06-17,40,23.9156
2014-06-17,45,23.8239
2014-06-17,60,23.516
2014-06-17,80,23.3038
2014-06-17,100,22.7475
2014-06-17,120,22.3344
2014-06-17,140,22.0494
2014-06-17,160,21.8181
2014-06-17,181,21.7416
2014-06-17,200,21.7245
2014-07-16,0,25.28
2014-07-16,0,NA
2014-07-16,20,25.1702
2014-07-16,20,NA
2014-07-16,40,24.9223
2014-07-16,45,NA
2014-07-16,60,24.2698
2014-07-16,80,23.9164
2014-07-16,100,23.7434
2014-07-16,120,23.2117
2014-07-16,140,22.2526
2014-07-16,160,21.9553
2014-07-16,180,21.8377
2014-07-16,200,21.7652
2014-08-12,0,27.5081
2014-08-12,0,26.9102
2014-08-12,20,26.3744
2014-08-12,20,26.6597
2014-08-12,40,25.645
2014-08-12,45,25.1834
2014-08-12,60,25.1414
2014-08-12,80,24.7892
2014-08-12,100,24.0925
2014-08-12,120,23.0695
2014-08-12,140,22.7534
2014-08-12,160,22.5324
2014-08-12,180,22.1475
2014-08-12,200,21.9598
2014-09-16,0,26.5536
2014-09-16,0,26.2003
2014-09-16,20,26.3373
2014-09-16,20,25.7725
2014-09-16,40,25.4426
2014-09-16,41,25.3411
2014-09-16,60,24.917
2014-09-16,80,24.267
2014-09-16,100,23.3851
2014-09-16,120,23.359
2014-09-16,140,22.9979
2014-09-16,160,22.5045
2014-09-16,180,22.1878
2014-09-16,200,22.0398
2014-10-21,0,24.9566
2014-10-21,0,24.9526
2014-10-21,20,24.9438
2014-10-21,20,24.8904
2014-10-21,40,24.9414
2014-10-21,45,24.8778
2014-10-21,60,24.9446
2014-10-21,80,24.9413
2014-10-21,100,24.7027
2014-10-21,120,23.7177
2014-10-21,140,22.688
2014-10-21,160,22.3231
2014-10-21,181,21.9872
2014-10-21,200,21.8742
2014-11-19,0,24.9788
2014-11-19,0,24.0688
2014-11-19,20,24.9519
2014-11-19,20,23.9682
2014-11-19,40,24.9465
2014-11-19,45,23.9267
2014-11-19,60,24.9458
2014-11-19,80,24.0175
2014-11-19,100,24.0184
2014-11-19,120,24.0211
2014-11-19,140,24.021
2014-11-19,160,23.6924
2014-11-19,180,22.1828
2014-11-19,200,21.936
2014-12-15,0,23.4025
2014-12-15,0,23.3389
2014-12-15,20,23.4076
2014-12-15,20,23.3584
2014-12-15,40,23.4106
2014-12-15,45,23.2957
2014-12-15,60,23.4151
2014-12-15,80,23.4172
2014-12-15,100,23.4203
2014-12-15,120,NA
2014-12-15,140,23.4273
2014-12-15,160,23.4275
2014-12-15,181,23.4296
2014-12-15,200,23.3866
NA,0,23.8911
NA,0,22.7925
NA,0,NA
NA,20,23.9077
NA,20,22.7903
NA,20,NA
NA,50,23.9051
NA,50,22.1092
NA,60,22.7968
NA,80,22.8027
NA,99,22.8052
NA,139,22.8111
NA,179,22.8175
NA,200,22.8177
